<?xml version="1.0" encoding="UTF-8"?>
<users>
    <user>
        <username>john_doe</username>
        <email>john.doe@example.com</email>
        <password>secret123</password>
        <first_name>John</first_name>
        <last_name>Doe</last_name>
        <role>subscriber</role>
    </user>
    <user>
        <username>jane_smith</username>
        <email>jane.smith@example.com</email>
        <password>password123</password>
        <first_name>Jane</first_name>
        <last_name>Smith</last_name>
        <role>editor</role>
    </user>
</users>
